timestamp,open,high,low,close,volume
1672531200000,0.07024000,0.07038000,0.06906000,0.06936000,126356308.00000000
1672552800000,0.06935000,0.06991000,0.06906000,0.06965000,92139144.00000000
1672574400000,0.06965000,0.07017000,0.06943000,0.06982000,85739682.00000000
1672596000000,0.06983000,0.07087000,0.06983000,0.07024000,142173026.00000000
1672617600000,0.07023000,0.07033000,0.06906000,0.07023000,193774178.00000000
1672639200000,0.07023000,0.07374000,0.07008000,0.07181000,519621665.00000000
1672660800000,0.07182000,0.07291000,0.07161000,0.07202000,241334670.00000000
1672682400000,0.07202000,0.07271000,0.07085000,0.07140000,160445772.00000000
1672704000000,0.07138000,0.07203000,0.07113000,0.07189000,163087375.00000000
1672725600000,0.07188000,0.07231000,0.07130000,0.07144000,119451935.00000000
1672747200000,0.07145000,0.07189000,0.06943000,0.06987000,314467627.00000000
1672768800000,0.06987000,0.07057000,0.06960000,0.07049000,135699406.00000000
1672790400000,0.07049000,0.07302000,0.07019000,0.07233000,296210141.00000000
1672812000000,0.07233000,0.07300000,0.07183000,0.07200000,151389542.00000000
1672833600000,0.07200000,0.07314000,0.07156000,0.07256000,179733220.00000000
1672855200000,0.07255000,0.07362000,0.07161000,0.07311000,163217714.00000000
1672876800000,0.07310000,0.07508000,0.07258000,0.07488000,384573737.00000000
1672898400000,0.07487000,0.07529000,0.07257000,0.07350000,362584115.00000000
1672920000000,0.07349000,0.07353000,0.07191000,0.07205000,279248712.00000000
1672941600000,0.07204000,0.07283000,0.07035000,0.07152000,175121763.00000000
1672963200000,0.07151000,0.07222000,0.07069000,0.07110000,185150197.00000000
1672984800000,0.07110000,0.07114000,0.06950000,0.07052000,253769773.00000000
1673006400000,0.07052000,0.07184000,0.07005000,0.07153000,282623675.00000000
1673028000000,0.07153000,0.07281000,0.07153000,0.07241000,184970905.00000000
1673049600000,0.07242000,0.07305000,0.07213000,0.07234000,109606768.00000000
1673071200000,0.07234000,0.07275000,0.07187000,0.07197000,125927572.00000000
1673092800000,0.07196000,0.07252000,0.07167000,0.07195000,133138505.00000000
1673114400000,0.07195000,0.07240000,0.07192000,0.07219000,69902467.00000000
1673136000000,0.07219000,0.07238000,0.07121000,0.07192000,123676133.00000000
1673157600000,0.07192000,0.07210000,0.07162000,0.07170000,89087079.00000000
1673179200000,0.07167000,0.07269000,0.07151000,0.07184000,166893407.00000000
1673200800000,0.07183000,0.07399000,0.07165000,0.07363000,320085821.00000000
1673222400000,0.07362000,0.07619000,0.07293000,0.07519000,562298672.00000000
1673244000000,0.07519000,0.07888000,0.07449000,0.07786000,557136485.00000000
1673265600000,0.07786000,0.07963000,0.07622000,0.07861000,905694721.00000000
1673287200000,0.07862000,0.07870000,0.07500000,0.07566000,414417877.00000000
1673308800000,0.07565000,0.07739000,0.07372000,0.07609000,395275189.00000000
1673330400000,0.07610000,0.07760000,0.07546000,0.07702000,408598014.00000000
1673352000000,0.07702000,0.07702000,0.07550000,0.07625000,416316646.00000000
1673373600000,0.07625000,0.07790000,0.07615000,0.07782000,247442572.00000000
1673395200000,0.07782000,0.07838000,0.07592000,0.07667000,285963322.00000000
1673416800000,0.07664000,0.07727000,0.07651000,0.07679000,150702445.00000000
1673438400000,0.07679000,0.07681000,0.07468000,0.07543000,317241230.00000000
1673460000000,0.07545000,0.07856000,0.07540000,0.07814000,367146235.00000000
1673481600000,0.07816000,0.08127000,0.07773000,0.07880000,603986856.00000000
1673503200000,0.07881000,0.07927000,0.07779000,0.07849000,240328303.00000000
1673524800000,0.07848000,0.08015000,0.07514000,0.07996000,710307102.00000000
1673546400000,0.07996000,0.08077000,0.07923000,0.08025000,414283022.00000000
1673568000000,0.08025000,0.08160000,0.07916000,0.08014000,285291061.00000000
1673589600000,0.08015000,0.08104000,0.07956000,0.07980000,315778581.00000000
1673611200000,0.07980000,0.08053000,0.07854000,0.08030000,320434081.00000000
1673632800000,0.08030000,0.08520000,0.07994000,0.08450000,507681692.00000000
1673654400000,0.08449000,0.09011000,0.08413000,0.08814000,1021613723.00000000
1673676000000,0.08816000,0.09267000,0.08250000,0.08613000,904032777.00000000
1673697600000,0.08613000,0.08822000,0.08499000,0.08623000,443044919.00000000
1673719200000,0.08620000,0.08782000,0.08564000,0.08729000,176380605.00000000
1673740800000,0.08729000,0.08794000,0.08397000,0.08504000,353090765.00000000
1673762400000,0.08505000,0.08512000,0.08281000,0.08439000,246397131.00000000
1673784000000,0.08440000,0.08655000,0.08396000,0.08539000,301148368.00000000
1673805600000,0.08538000,0.08680000,0.08416000,0.08608000,238251807.00000000
1673827200000,0.08607000,0.08833000,0.08520000,0.08735000,416828272.00000000
1673848800000,0.08734000,0.08756000,0.08313000,0.08394000,316273727.00000000
1673870400000,0.08394000,0.08496000,0.08155000,0.08395000,349234176.00000000
1673892000000,0.08394000,0.08507000,0.08334000,0.08368000,205598314.00000000
1673913600000,0.08369000,0.08424000,0.08194000,0.08404000,183941935.00000000
1673935200000,0.08405000,0.08457000,0.08365000,0.08441000,129045818.00000000
1673956800000,0.08442000,0.08505000,0.08289000,0.08347000,289093565.00000000
1673978400000,0.08347000,0.08439000,0.08265000,0.08285000,154261592.00000000
1674000000000,0.08286000,0.08844000,0.08274000,0.08825000,612248513.00000000
1674021600000,0.08825000,0.08922000,0.08537000,0.08653000,415577437.00000000
1674043200000,0.08653000,0.08976000,0.07780000,0.08202000,1089887530.00000000
1674064800000,0.08203000,0.08309000,0.07962000,0.08000000,375929251.00000000
1674086400000,0.08000000,0.08160000,0.07971000,0.08104000,173387739.00000000
1674108000000,0.08105000,0.08152000,0.08029000,0.08070000,163925514.00000000
1674129600000,0.08069000,0.08159000,0.07996000,0.08065000,232076337.00000000
1674151200000,0.08064000,0.08218000,0.08051000,0.08161000,121892450.00000000
1674172800000,0.08159000,0.08196000,0.08070000,0.08089000,179166796.00000000
1674194400000,0.08088000,0.08113000,0.08060000,0.08096000,87873088.00000000
1674216000000,0.08095000,0.08289000,0.08079000,0.08255000,205965874.00000000
1674237600000,0.08256000,0.08700000,0.08242000,0.08617000,445634954.00000000
1674259200000,0.08616000,0.08686000,0.08526000,0.08608000,236252366.00000000
1674280800000,0.08608000,0.08913000,0.08462000,0.08686000,751940915.00000000
1674302400000,0.08686000,0.08787000,0.08533000,0.08696000,410906146.00000000
1674324000000,0.08693000,0.08793000,0.08370000,0.08467000,234028986.00000000
1674345600000,0.08468000,0.08578000,0.08432000,0.08558000,159706092.00000000
1674367200000,0.08557000,0.08638000,0.08511000,0.08567000,146895095.00000000
1674388800000,0.08568000,0.09343000,0.08512000,0.09193000,870400865.00000000
1674410400000,0.09195000,0.09304000,0.08596000,0.08824000,561501694.00000000
1674432000000,0.08822000,0.09151000,0.08785000,0.08990000,373436739.00000000
1674453600000,0.08990000,0.09043000,0.08847000,0.08988000,294520080.00000000
1674475200000,0.08988000,0.08992000,0.08621000,0.08862000,560622584.00000000
1674496800000,0.08862000,0.08926000,0.08701000,0.08851000,205707010.00000000
1674518400000,0.08851000,0.09080000,0.08791000,0.08986000,273175957.00000000
1674540000000,0.08986000,0.09017000,0.08835000,0.08884000,224662022.00000000
1674561600000,0.08885000,0.08933000,0.08692000,0.08790000,245963245.00000000
1674583200000,0.08791000,0.08874000,0.08210000,0.08392000,381272478.00000000
1674604800000,0.08392000,0.08451000,0.08165000,0.08428000,262172846.00000000
1674626400000,0.08428000,0.08513000,0.08344000,0.08368000,157887969.00000000
1674648000000,0.08366000,0.08515000,0.08272000,0.08447000,249148830.00000000
1674669600000,0.08446000,0.08818000,0.08405000,0.08654000,382728887.00000000
1674691200000,0.08655000,0.08740000,0.08602000,0.08726000,169196643.00000000
1674712800000,0.08727000,0.08744000,0.08503000,0.08578000,198239142.00000000
1674734400000,0.08577000,0.08771000,0.08451000,0.08556000,296198989.00000000
1674756000000,0.08557000,0.08663000,0.08533000,0.08633000,134642737.00000000
1674777600000,0.08634000,0.08677000,0.08352000,0.08553000,210417550.00000000
1674799200000,0.08553000,0.08592000,0.08500000,0.08543000,118377075.00000000
1674820800000,0.08542000,0.08708000,0.08452000,0.08686000,219593960.00000000
1674842400000,0.08685000,0.08800000,0.08638000,0.08723000,205620169.00000000
1674864000000,0.08723000,0.09381000,0.08718000,0.09229000,589757547.00000000
1674885600000,0.09230000,0.09251000,0.08869000,0.08942000,372118498.00000000
1674907200000,0.08942000,0.08942000,0.08671000,0.08817000,322258420.00000000
1674928800000,0.08816000,0.08823000,0.08677000,0.08773000,119072878.00000000
1674950400000,0.08773000,0.08975000,0.08725000,0.08881000,170902070.00000000
1674972000000,0.08882000,0.09100000,0.08812000,0.08986000,280564425.00000000
1674993600000,0.08985000,0.09044000,0.08850000,0.08943000,289629002.00000000
1675015200000,0.08944000,0.09102000,0.08930000,0.09009000,299571727.00000000
1675036800000,0.09009000,0.09088000,0.08870000,0.08914000,182054978.00000000
1675058400000,0.08913000,0.08917000,0.08488000,0.08574000,519153118.00000000
1675080000000,0.08573000,0.09286000,0.08550000,0.08777000,823047670.00000000
1675101600000,0.08775000,0.08897000,0.08450000,0.08837000,448359864.00000000
1675123200000,0.08833000,0.09486000,0.08822000,0.09176000,1186714467.00000000
1675144800000,0.09176000,0.09564000,0.09107000,0.09211000,706083498.00000000
1675166400000,0.09212000,0.09649000,0.09144000,0.09549000,868661775.00000000
1675188000000,0.09548000,0.09867000,0.09327000,0.09612000,663408822.00000000
1675209600000,0.09613000,0.09717000,0.09152000,0.09257000,775521519.00000000
1675231200000,0.09256000,0.09299000,0.09075000,0.09202000,340003114.00000000
1675252800000,0.09203000,0.09214000,0.08822000,0.08906000,582511022.00000000
1675274400000,0.08906000,0.09496000,0.08812000,0.09403000,820353135.00000000
1675296000000,0.09403000,0.09594000,0.09372000,0.09384000,422405984.00000000
1675317600000,0.09385000,0.09438000,0.09281000,0.09400000,239706718.00000000
1675339200000,0.09400000,0.09428000,0.09099000,0.09348000,624374147.00000000
1675360800000,0.09349000,0.09450000,0.09006000,0.09099000,340851294.00000000
1675382400000,0.09099000,0.09244000,0.09025000,0.09219000,199533735.00000000
1675404000000,0.09218000,0.09244000,0.09082000,0.09229000,170562871.00000000
1675425600000,0.09230000,0.09312000,0.09060000,0.09218000,399719691.00000000
1675447200000,0.09218000,0.09334000,0.09122000,0.09293000,381854627.00000000
1675468800000,0.09293000,0.09528000,0.09250000,0.09331000,448933472.00000000
1675490400000,0.09331000,0.09464000,0.09259000,0.09421000,220873033.00000000
1675512000000,0.09422000,0.09922000,0.09327000,0.09888000,833635871.00000000
1675533600000,0.09888000,0.09980000,0.09500000,0.09567000,831108258.00000000
1675555200000,0.09567000,0.09609000,0.09281000,0.09529000,360822795.00000000
1675576800000,0.09530000,0.09700000,0.09478000,0.09506000,367309731.00000000
1675598400000,0.09507000,0.09526000,0.09053000,0.09165000,634843908.00000000
1675620000000,0.09164000,0.09254000,0.09042000,0.09203000,239947816.00000000
1675641600000,0.09203000,0.09293000,0.09052000,0.09170000,207968917.00000000
1675663200000,0.09171000,0.09329000,0.09132000,0.09232000,195460305.00000000
1675684800000,0.09233000,0.09276000,0.09096000,0.09216000,211443591.00000000
1675706400000,0.09215000,0.09254000,0.08850000,0.08955000,355095871.00000000
1675728000000,0.08956000,0.09104000,0.08940000,0.09090000,141761428.00000000
1675749600000,0.09090000,0.09177000,0.09033000,0.09140000,155231978.00000000
1675771200000,0.09139000,0.09220000,0.09021000,0.09208000,278505411.00000000
1675792800000,0.09210000,0.09274000,0.08958000,0.09253000,270735385.00000000
1675814400000,0.09252000,0.09339000,0.09190000,0.09208000,171865298.00000000
1675836000000,0.09207000,0.09240000,0.09133000,0.09212000,120268955.00000000
1675857600000,0.09211000,0.09246000,0.08842000,0.09031000,398505657.00000000
1675879200000,0.09031000,0.09052000,0.08900000,0.09018000,126809934.00000000
1675900800000,0.09017000,0.09093000,0.08483000,0.08776000,488468061.00000000
1675922400000,0.08776000,0.08865000,0.08760000,0.08818000,127504973.00000000
1675944000000,0.08818000,0.08909000,0.08586000,0.08640000,248099980.00000000
1675965600000,0.08640000,0.08682000,0.07878000,0.08144000,809066011.00000000
1675987200000,0.08144000,0.08230000,0.08076000,0.08165000,236207189.00000000
1676008800000,0.08164000,0.08300000,0.08138000,0.08161000,294863257.00000000
1676030400000,0.08161000,0.08267000,0.08061000,0.08141000,210306232.00000000
1676052000000,0.08142000,0.08305000,0.07922000,0.08089000,313462517.00000000
1676073600000,0.08087000,0.08234000,0.08063000,0.08158000,115334651.00000000
1676095200000,0.08159000,0.08180000,0.08117000,0.08136000,76034568.00000000
1676116800000,0.08137000,0.08235000,0.08136000,0.08162000,125621504.00000000
1676138400000,0.08162000,0.08259000,0.08117000,0.08225000,92866952.00000000
1676160000000,0.08226000,0.08228000,0.08161000,0.08179000,57825365.00000000
1676181600000,0.08179000,0.08582000,0.08170000,0.08453000,465829738.00000000
1676203200000,0.08453000,0.08474000,0.08316000,0.08421000,190793818.00000000
1676224800000,0.08421000,0.08482000,0.08115000,0.08215000,217824756.00000000
1676246400000,0.08217000,0.08648000,0.08031000,0.08426000,662275785.00000000
1676268000000,0.08426000,0.08429000,0.07950000,0.08097000,584784944.00000000
1676289600000,0.08098000,0.08198000,0.07936000,0.08015000,324060049.00000000
1676311200000,0.08015000,0.08237000,0.08010000,0.08209000,171472936.00000000
1676332800000,0.08209000,0.08229000,0.08114000,0.08159000,92967091.00000000
1676354400000,0.08158000,0.08217000,0.08109000,0.08161000,105567817.00000000
1676376000000,0.08161000,0.08367000,0.08002000,0.08284000,445189259.00000000
1676397600000,0.08284000,0.08371000,0.08284000,0.08360000,142041047.00000000
1676419200000,0.08360000,0.08783000,0.08265000,0.08655000,807760470.00000000
1676440800000,0.08654000,0.08730000,0.08555000,0.08648000,350544676.00000000
1676462400000,0.08649000,0.08730000,0.08559000,0.08633000,344830162.00000000
1676484000000,0.08633000,0.08961000,0.08615000,0.08928000,403605177.00000000
1676505600000,0.08927000,0.09100000,0.08885000,0.09022000,369891868.00000000
1676527200000,0.09021000,0.09023000,0.08817000,0.08857000,317631957.00000000
1676548800000,0.08857000,0.09199000,0.08655000,0.08993000,590162546.00000000
1676570400000,0.08993000,0.09037000,0.08468000,0.08489000,452604531.00000000
1676592000000,0.08489000,0.08666000,0.08430000,0.08583000,217129141.00000000
1676613600000,0.08584000,0.08682000,0.08580000,0.08656000,123079369.00000000
1676635200000,0.08656000,0.08778000,0.08604000,0.08726000,260512897.00000000
1676656800000,0.08727000,0.08851000,0.08650000,0.08771000,177498624.00000000
1676678400000,0.08771000,0.08860000,0.08769000,0.08821000,118234350.00000000
1676700000000,0.08819000,0.08840000,0.08675000,0.08712000,146777227.00000000
1676721600000,0.08711000,0.09049000,0.08702000,0.08885000,317661906.00000000
1676743200000,0.08886000,0.08972000,0.08747000,0.08882000,158514445.00000000
1676764800000,0.08882000,0.08932000,0.08823000,0.08886000,125190914.00000000
1676786400000,0.08887000,0.08904000,0.08797000,0.08873000,151869768.00000000
1676808000000,0.08872000,0.09000000,0.08642000,0.08676000,471722365.00000000
1676829600000,0.08676000,0.08740000,0.08559000,0.08697000,185066093.00000000
1676851200000,0.08698000,0.08792000,0.08513000,0.08784000,193725914.00000000
1676872800000,0.08785000,0.08875000,0.08745000,0.08852000,226890555.00000000
1676894400000,0.08853000,0.08867000,0.08723000,0.08796000,248755772.00000000
1676916000000,0.08795000,0.08837000,0.08764000,0.08829000,105394884.00000000
1676937600000,0.08829000,0.08884000,0.08752000,0.08789000,172938298.00000000
1676959200000,0.08789000,0.08865000,0.08595000,0.08631000,274526299.00000000
1676980800000,0.08630000,0.08677000,0.08531000,0.08645000,316446075.00000000
1677002400000,0.08646000,0.08690000,0.08429000,0.08546000,220288566.00000000
1677024000000,0.08546000,0.08578000,0.08315000,0.08451000,240550689.00000000
1677045600000,0.08450000,0.08882000,0.08286000,0.08593000,965139263.00000000
1677067200000,0.08592000,0.08632000,0.08288000,0.08398000,373975377.00000000
1677088800000,0.08398000,0.08556000,0.08364000,0.08550000,175039184.00000000
1677110400000,0.08550000,0.08642000,0.08511000,0.08580000,187912247.00000000
1677132000000,0.08580000,0.08589000,0.08370000,0.08427000,196402959.00000000
1677153600000,0.08426000,0.08533000,0.08392000,0.08417000,209236240.00000000
1677175200000,0.08418000,0.08473000,0.08350000,0.08425000,114682748.00000000
1677196800000,0.08424000,0.08499000,0.08398000,0.08403000,109211343.00000000
1677218400000,0.08404000,0.08490000,0.08370000,0.08428000,121085961.00000000
1677240000000,0.08427000,0.08464000,0.07965000,0.08056000,507840763.00000000
1677261600000,0.08055000,0.08140000,0.07922000,0.08092000,267938255.00000000
1677283200000,0.08091000,0.08216000,0.08084000,0.08109000,116592366.00000000
1677304800000,0.08108000,0.08170000,0.08069000,0.08118000,112912540.00000000
1677326400000,0.08118000,0.08158000,0.08030000,0.08135000,143708937.00000000
1677348000000,0.08134000,0.08137000,0.07836000,0.08075000,298267250.00000000
1677369600000,0.08075000,0.08140000,0.08041000,0.08111000,90240667.00000000
1677391200000,0.08112000,0.08158000,0.08087000,0.08140000,75618054.00000000
1677412800000,0.08140000,0.08161000,0.08101000,0.08146000,75052795.00000000
1677434400000,0.08146000,0.08264000,0.08140000,0.08216000,134239398.00000000
1677456000000,0.08217000,0.08225000,0.08121000,0.08132000,100548016.00000000
1677477600000,0.08131000,0.08150000,0.08067000,0.08111000,96690520.00000000
1677499200000,0.08112000,0.08231000,0.08051000,0.08069000,200560128.00000000
1677520800000,0.08068000,0.08139000,0.07992000,0.08136000,137419321.00000000
1677542400000,0.08136000,0.08299000,0.08126000,0.08208000,206372133.00000000
1677564000000,0.08208000,0.08249000,0.08092000,0.08156000,153489378.00000000
1677585600000,0.08156000,0.08220000,0.08135000,0.08192000,132149412.00000000
1677607200000,0.08192000,0.08312000,0.07990000,0.08085000,290945277.00000000
1677628800000,0.08085000,0.08245000,0.08023000,0.08205000,108235154.00000000
1677650400000,0.08206000,0.08284000,0.08184000,0.08222000,132854971.00000000
1677672000000,0.08222000,0.08236000,0.08144000,0.08183000,111224078.00000000
1677693600000,0.08183000,0.08216000,0.08106000,0.08193000,97366239.00000000
1677715200000,0.08193000,0.08226000,0.08062000,0.08071000,103871180.00000000
1677736800000,0.08072000,0.08096000,0.08043000,0.08069000,76812982.00000000
1677758400000,0.08068000,0.08079000,0.07959000,0.08016000,140054612.00000000
1677780000000,0.08015000,0.08088000,0.08007000,0.08056000,75841342.00000000
1677801600000,0.08057000,0.08062000,0.07320000,0.07537000,982002115.00000000
1677823200000,0.07538000,0.07607000,0.07530000,0.07592000,129443071.00000000
1677844800000,0.07592000,0.07662000,0.07543000,0.07657000,170524401.00000000
1677866400000,0.07658000,0.07689000,0.07575000,0.07684000,109648893.00000000
1677888000000,0.07684000,0.07727000,0.07604000,0.07624000,88646458.00000000
1677909600000,0.07625000,0.07660000,0.07606000,0.07635000,56062625.00000000
1677931200000,0.07634000,0.07640000,0.07559000,0.07566000,80635550.00000000
1677952800000,0.07566000,0.07569000,0.07255000,0.07462000,421229152.00000000
1677974400000,0.07462000,0.07612000,0.07429000,0.07553000,171992923.00000000
1677996000000,0.07553000,0.07577000,0.07502000,0.07550000,79825727.00000000
1678017600000,0.07550000,0.07561000,0.07510000,0.07513000,92231302.00000000
1678039200000,0.07513000,0.07586000,0.07435000,0.07474000,129197477.00000000
1678060800000,0.07475000,0.07501000,0.07336000,0.07385000,205955360.00000000
1678082400000,0.07386000,0.07426000,0.07354000,0.07366000,149191481.00000000
1678104000000,0.07367000,0.07497000,0.07316000,0.07467000,141885856.00000000
1678125600000,0.07468000,0.07515000,0.07427000,0.07479000,104257808.00000000
1678147200000,0.07480000,0.07597000,0.07446000,0.07560000,165264798.00000000
1678168800000,0.07561000,0.07562000,0.07378000,0.07396000,147733473.00000000
1678190400000,0.07395000,0.07432000,0.07234000,0.07407000,259734681.00000000
1678212000000,0.07407000,0.07420000,0.07262000,0.07407000,143018923.00000000
1678233600000,0.07407000,0.07432000,0.07250000,0.07278000,111476689.00000000
1678255200000,0.07278000,0.07386000,0.07242000,0.07364000,112311944.00000000
1678276800000,0.07365000,0.07385000,0.07210000,0.07290000,229171195.00000000
1678298400000,0.07291000,0.07302000,0.07000000,0.07112000,257470283.00000000
1678320000000,0.07112000,0.07214000,0.07096000,0.07189000,149495944.00000000
1678341600000,0.07188000,0.07215000,0.07110000,0.07176000,134508025.00000000
1678363200000,0.07177000,0.07230000,0.07104000,0.07139000,131623708.00000000
1678384800000,0.07140000,0.07142000,0.06393000,0.06595000,1098411008.00000000
1678406400000,0.06597000,0.06618000,0.06447000,0.06604000,327392791.00000000
1678428000000,0.06604000,0.06612000,0.06253000,0.06405000,480818460.00000000
1678449600000,0.06406000,0.06587000,0.06377000,0.06477000,345079408.00000000
1678471200000,0.06478000,0.06595000,0.06466000,0.06572000,167611175.00000000
1678492800000,0.06572000,0.06821000,0.06559000,0.06637000,319752892.00000000
1678514400000,0.06637000,0.06647000,0.06324000,0.06468000,404857077.00000000
1678536000000,0.06468000,0.06524000,0.06364000,0.06503000,208856288.00000000
1678557600000,0.06503000,0.06628000,0.06490000,0.06604000,162887828.00000000
1678579200000,0.06604000,0.06646000,0.06538000,0.06586000,148344726.00000000
1678600800000,0.06586000,0.06628000,0.06560000,0.06602000,115536807.00000000
1678622400000,0.06602000,0.06725000,0.06516000,0.06717000,193327088.00000000
1678644000000,0.06717000,0.07082000,0.06673000,0.07051000,492982357.00000000
1678665600000,0.07051000,0.07152000,0.06971000,0.07046000,338498042.00000000
1678687200000,0.07046000,0.07080000,0.06814000,0.06883000,218968838.00000000
1678708800000,0.06883000,0.07353000,0.06818000,0.07238000,550550796.00000000
1678730400000,0.07237000,0.07346000,0.07207000,0.07279000,177124684.00000000
1678752000000,0.07279000,0.07320000,0.07182000,0.07240000,178988247.00000000
1678773600000,0.07240000,0.07271000,0.07108000,0.07218000,162102252.00000000
1678795200000,0.07217000,0.07762000,0.07147000,0.07673000,789382554.00000000
1678816800000,0.07672000,0.07684000,0.07280000,0.07456000,377137117.00000000
1678838400000,0.07455000,0.07589000,0.07366000,0.07522000,168401266.00000000
1678860000000,0.07519000,0.07537000,0.07206000,0.07335000,237846889.00000000
1678881600000,0.07336000,0.07422000,0.06735000,0.06850000,650554497.00000000
1678903200000,0.06851000,0.06978000,0.06794000,0.06963000,269909486.00000000
1678924800000,0.06964000,0.07070000,0.06868000,0.07018000,187950254.00000000
1678946400000,0.07019000,0.07106000,0.06970000,0.07086000,182936885.00000000
1678968000000,0.07085000,0.07114000,0.06913000,0.07029000,216205726.00000000
1678989600000,0.07029000,0.07407000,0.06962000,0.07256000,255066531.00000000
1679011200000,0.07256000,0.07416000,0.07143000,0.07332000,261077166.00000000
1679032800000,0.07333000,0.07576000,0.07320000,0.07550000,403655321.00000000
1679054400000,0.07551000,0.07554000,0.07274000,0.07452000,279813950.00000000
1679076000000,0.07453000,0.07724000,0.07385000,0.07642000,290428401.00000000
1679097600000,0.07642000,0.07890000,0.07552000,0.07747000,404663404.00000000
1679119200000,0.07746000,0.07822000,0.07603000,0.07792000,267183037.00000000
1679140800000,0.07792000,0.07808000,0.07234000,0.07455000,488195429.00000000
1679162400000,0.07454000,0.07523000,0.07245000,0.07295000,223546876.00000000
1679184000000,0.07296000,0.07506000,0.07295000,0.07459000,142805111.00000000
1679205600000,0.07459000,0.07480000,0.07330000,0.07451000,169748897.00000000
1679227200000,0.07450000,0.07639000,0.07391000,0.07544000,263614284.00000000
1679248800000,0.07544000,0.07652000,0.07406000,0.07450000,242222487.00000000
1679270400000,0.07451000,0.07557000,0.07256000,0.07378000,270473515.00000000
1679292000000,0.07376000,0.07518000,0.07326000,0.07363000,262107189.00000000
1679313600000,0.07364000,0.07393000,0.07162000,0.07165000,296087042.00000000
1679335200000,0.07165000,0.07229000,0.07035000,0.07137000,250735125.00000000
1679356800000,0.07136000,0.07235000,0.07109000,0.07152000,152702197.00000000
1679378400000,0.07152000,0.07238000,0.07031000,0.07226000,190428461.00000000
1679400000000,0.07226000,0.07784000,0.07209000,0.07527000,656507868.00000000
1679421600000,0.07527000,0.07788000,0.07393000,0.07660000,545016504.00000000
1679443200000,0.07661000,0.07672000,0.07477000,0.07609000,279754850.00000000
1679464800000,0.07609000,0.07628000,0.07441000,0.07463000,328071740.00000000
1679486400000,0.07463000,0.07810000,0.07433000,0.07571000,604529252.00000000
1679508000000,0.07569000,0.07698000,0.07137000,0.07385000,700563977.00000000
1679529600000,0.07385000,0.07478000,0.07294000,0.07465000,204755396.00000000
1679551200000,0.07465000,0.07842000,0.07419000,0.07759000,691359087.00000000
1679572800000,0.07758000,0.07922000,0.07570000,0.07729000,610729900.00000000
1679594400000,0.07729000,0.07791000,0.07609000,0.07736000,263212239.00000000
1679616000000,0.07736000,0.07749000,0.07615000,0.07647000,131610510.00000000
1679637600000,0.07647000,0.07677000,0.07450000,0.07520000,235283504.00000000
1679659200000,0.07519000,0.07527000,0.07295000,0.07339000,239576917.00000000
1679680800000,0.07339000,0.07579000,0.07330000,0.07453000,230100421.00000000
1679702400000,0.07453000,0.07597000,0.07421000,0.07488000,160728115.00000000
1679724000000,0.07488000,0.07515000,0.07405000,0.07482000,117096723.00000000
1679745600000,0.07482000,0.07557000,0.07435000,0.07448000,114497901.00000000
1679767200000,0.07447000,0.07466000,0.07244000,0.07402000,266270956.00000000
1679788800000,0.07401000,0.07497000,0.07370000,0.07459000,86246848.00000000
1679810400000,0.07458000,0.07500000,0.07420000,0.07489000,83928268.00000000
1679832000000,0.07490000,0.07558000,0.07382000,0.07447000,166104281.00000000
1679853600000,0.07447000,0.07471000,0.07334000,0.07436000,144172562.00000000
1679875200000,0.07436000,0.07458000,0.07300000,0.07323000,128667959.00000000
1679896800000,0.07323000,0.07401000,0.07291000,0.07394000,108756851.00000000
1679918400000,0.07393000,0.07639000,0.07124000,0.07202000,753383156.00000000
1679940000000,0.07203000,0.07301000,0.07184000,0.07287000,136619362.00000000
1679961600000,0.07289000,0.07327000,0.07188000,0.07265000,169964378.00000000
1679983200000,0.07265000,0.07302000,0.07165000,0.07279000,129420385.00000000
1680004800000,0.07280000,0.07301000,0.07204000,0.07235000,132981813.00000000
1680026400000,0.07234000,0.07404000,0.07215000,0.07381000,211992327.00000000
1680048000000,0.07381000,0.07564000,0.07351000,0.07504000,178258930.00000000
1680069600000,0.07503000,0.07692000,0.07486000,0.07600000,367901800.00000000
1680091200000,0.07600000,0.07634000,0.07494000,0.07568000,279794018.00000000
1680112800000,0.07568000,0.07623000,0.07512000,0.07557000,178382980.00000000
1680134400000,0.07557000,0.07685000,0.07400000,0.07532000,304675160.00000000
1680156000000,0.07533000,0.07568000,0.07441000,0.07515000,166033562.00000000
1680177600000,0.07515000,0.07519000,0.07327000,0.07365000,248367996.00000000
1680199200000,0.07365000,0.07482000,0.07356000,0.07422000,108484345.00000000
1680220800000,0.07421000,0.07512000,0.07400000,0.07439000,105297308.00000000
1680242400000,0.07439000,0.07476000,0.07340000,0.07455000,116187952.00000000
1680264000000,0.07455000,0.07655000,0.07453000,0.07591000,291024709.00000000
1680285600000,0.07591000,0.07789000,0.07563000,0.07695000,325993047.00000000
1680307200000,0.07695000,0.07895000,0.07659000,0.07746000,316674022.00000000
1680328800000,0.07746000,0.07752000,0.07605000,0.07627000,197567586.00000000
1680350400000,0.07626000,0.07878000,0.07586000,0.07849000,285269671.00000000
1680372000000,0.07849000,0.08500000,0.07814000,0.08181000,1055371142.00000000
1680393600000,0.08181000,0.08559000,0.08173000,0.08445000,770963735.00000000
1680415200000,0.08445000,0.08469000,0.08196000,0.08213000,467231583.00000000
1680436800000,0.08213000,0.08216000,0.07797000,0.08002000,651209801.00000000
1680458400000,0.08001000,0.08025000,0.07724000,0.07903000,309767164.00000000
1680480000000,0.07903000,0.07924000,0.07600000,0.07796000,347964479.00000000
1680501600000,0.07795000,0.07932000,0.07774000,0.07816000,241237321.00000000
1680523200000,0.07815000,0.09460000,0.07628000,0.09398000,1546539286.00000000
1680544800000,0.09397000,0.10500000,0.08890000,0.09600000,6682791198.00000000
1680566400000,0.09601000,0.09971000,0.09219000,0.09718000,2168785497.00000000
1680588000000,0.09718000,0.10350000,0.09672000,0.10015000,2451510678.00000000
1680609600000,0.10016000,0.10194000,0.09453000,0.09594000,1752875186.00000000
1680631200000,0.09594000,0.09920000,0.09354000,0.09512000,953850418.00000000
1680652800000,0.09510000,0.09882000,0.09272000,0.09740000,983410390.00000000
1680674400000,0.09740000,0.09917000,0.09594000,0.09779000,767351390.00000000
1680696000000,0.09779000,0.09858000,0.09256000,0.09336000,984608770.00000000
1680717600000,0.09337000,0.09412000,0.09055000,0.09267000,605616023.00000000
1680739200000,0.09268000,0.09275000,0.08970000,0.09164000,576669108.00000000
1680760800000,0.09164000,0.09275000,0.08750000,0.08932000,747292212.00000000
1680782400000,0.08932000,0.09079000,0.08728000,0.08958000,609607115.00000000
1680804000000,0.08958000,0.09255000,0.08415000,0.08541000,1344544845.00000000
1680825600000,0.08541000,0.08620000,0.08275000,0.08366000,675119932.00000000
1680847200000,0.08366000,0.08378000,0.08150000,0.08198000,769861055.00000000
1680868800000,0.08198000,0.08320000,0.08113000,0.08216000,513948678.00000000
1680890400000,0.08216000,0.08288000,0.08154000,0.08222000,269281516.00000000
1680912000000,0.08222000,0.08383000,0.08181000,0.08376000,404732664.00000000
1680933600000,0.08376000,0.08377000,0.08268000,0.08312000,218254984.00000000
1680955200000,0.08311000,0.08349000,0.08203000,0.08228000,214622297.00000000
1680976800000,0.08227000,0.08264000,0.08035000,0.08134000,380907964.00000000
1680998400000,0.08135000,0.08247000,0.08133000,0.08197000,164440839.00000000
1681020000000,0.08196000,0.08200000,0.08107000,0.08178000,192349837.00000000
1681041600000,0.08178000,0.08393000,0.08136000,0.08274000,362347728.00000000
1681063200000,0.08275000,0.08386000,0.08270000,0.08318000,203309351.00000000
1681084800000,0.08318000,0.08379000,0.08227000,0.08313000,205223475.00000000
1681106400000,0.08313000,0.08320000,0.08255000,0.08290000,135108825.00000000
1681128000000,0.08292000,0.08448000,0.08225000,0.08403000,306791576.00000000
1681149600000,0.08402000,0.08541000,0.08347000,0.08473000,301635736.00000000
1681171200000,0.08474000,0.08519000,0.08411000,0.08429000,280349901.00000000
1681192800000,0.08430000,0.08607000,0.08424000,0.08534000,324050176.00000000
1681214400000,0.08533000,0.08550000,0.08401000,0.08458000,222465797.00000000
1681236000000,0.08459000,0.08530000,0.08359000,0.08408000,174757553.00000000
1681257600000,0.08409000,0.08443000,0.08036000,0.08149000,574228876.00000000
1681279200000,0.08148000,0.08257000,0.08143000,0.08203000,250286046.00000000
1681300800000,0.08204000,0.08510000,0.08160000,0.08292000,574339215.00000000
1681322400000,0.08293000,0.08477000,0.08201000,0.08346000,335031190.00000000
1681344000000,0.08346000,0.08356000,0.08285000,0.08338000,130856892.00000000
1681365600000,0.08338000,0.08886000,0.08279000,0.08646000,992282783.00000000
1681387200000,0.08646000,0.08817000,0.08636000,0.08799000,490978194.00000000
1681408800000,0.08799000,0.08799000,0.08645000,0.08729000,210466737.00000000
1681430400000,0.08729000,0.09125000,0.08717000,0.09074000,614914357.00000000
1681452000000,0.09073000,0.09138000,0.08923000,0.09014000,417531664.00000000
1681473600000,0.09015000,0.09026000,0.08527000,0.08843000,870501171.00000000
1681495200000,0.08844000,0.08908000,0.08780000,0.08866000,226933614.00000000
1681516800000,0.08866000,0.08941000,0.08714000,0.08918000,235308365.00000000
1681538400000,0.08918000,0.09057000,0.08865000,0.08975000,235985002.00000000
1681560000000,0.08976000,0.09007000,0.08820000,0.08899000,232547098.00000000
1681581600000,0.08899000,0.08975000,0.08781000,0.08888000,169275948.00000000
1681603200000,0.08889000,0.09096000,0.08750000,0.09054000,315605304.00000000
1681624800000,0.09055000,0.09087000,0.08828000,0.08877000,288684098.00000000
1681646400000,0.08877000,0.09051000,0.08833000,0.08967000,241302915.00000000
1681668000000,0.08966000,0.09183000,0.08945000,0.09043000,359007351.00000000
1681689600000,0.09043000,0.09068000,0.08807000,0.08959000,333008520.00000000
1681711200000,0.08959000,0.09488000,0.08913000,0.09320000,1277717216.00000000
1681732800000,0.09320000,0.09459000,0.08956000,0.09120000,1030418952.00000000
1681754400000,0.09120000,0.09245000,0.09087000,0.09137000,299952599.00000000
1681776000000,0.09137000,0.09372000,0.08974000,0.09267000,430033950.00000000
1681797600000,0.09267000,0.09374000,0.09210000,0.09354000,321478642.00000000
1681819200000,0.09354000,0.09500000,0.09135000,0.09179000,632204131.00000000
1681840800000,0.09181000,0.09420000,0.09168000,0.09411000,287102833.00000000
1681862400000,0.09412000,0.09413000,0.09257000,0.09360000,176823529.00000000
1681884000000,0.09360000,0.09366000,0.08420000,0.08848000,983269841.00000000
1681905600000,0.08848000,0.09209000,0.08771000,0.08817000,971384374.00000000
1681927200000,0.08818000,0.08991000,0.08569000,0.08788000,626218716.00000000
1681948800000,0.08787000,0.09202000,0.08767000,0.09158000,973808808.00000000
1681970400000,0.09159000,0.09265000,0.09012000,0.09073000,815053553.00000000
1681992000000,0.09072000,0.09350000,0.08308000,0.08334000,2194638064.00000000
1682013600000,0.08334000,0.08449000,0.08251000,0.08389000,588588071.00000000
1682035200000,0.08390000,0.08467000,0.08318000,0.08381000,363764689.00000000
1682056800000,0.08381000,0.08470000,0.08318000,0.08363000,420875829.00000000
1682078400000,0.08363000,0.08458000,0.08133000,0.08169000,435427350.00000000
1682100000000,0.08168000,0.08233000,0.07620000,0.07842000,988464735.00000000
1682121600000,0.07842000,0.07936000,0.07817000,0.07936000,187478789.00000000
1682143200000,0.07935000,0.07935000,0.07865000,0.07901000,172808474.00000000
1682164800000,0.07901000,0.08101000,0.07895000,0.08050000,300419867.00000000
1682186400000,0.08050000,0.08051000,0.07978000,0.08028000,147035669.00000000
1682208000000,0.08029000,0.08050000,0.07908000,0.08031000,165070565.00000000
1682229600000,0.08033000,0.08083000,0.07984000,0.08027000,114131078.00000000
1682251200000,0.08026000,0.08048000,0.07856000,0.07863000,181886178.00000000
1682272800000,0.07862000,0.07912000,0.07651000,0.07878000,315039516.00000000
1682294400000,0.07876000,0.08000000,0.07826000,0.07903000,199982602.00000000
1682316000000,0.07903000,0.07931000,0.07812000,0.07929000,193301103.00000000
1682337600000,0.07930000,0.07982000,0.07715000,0.07857000,285798433.00000000
1682359200000,0.07857000,0.07914000,0.07808000,0.07873000,156526555.00000000
1682380800000,0.07875000,0.07904000,0.07816000,0.07895000,125827962.00000000
1682402400000,0.07895000,0.07900000,0.07800000,0.07873000,160618406.00000000
1682424000000,0.07874000,0.07903000,0.07752000,0.07858000,165696187.00000000
1682445600000,0.07858000,0.07996000,0.07812000,0.07976000,197626261.00000000
1682467200000,0.07976000,0.08040000,0.07957000,0.08028000,165882934.00000000
1682488800000,0.08028000,0.08212000,0.07983000,0.08164000,288068909.00000000
1682510400000,0.08163000,0.08358000,0.08163000,0.08221000,454316238.00000000
1682532000000,0.08221000,0.08238000,0.07480000,0.07859000,973400299.00000000
1682553600000,0.07859000,0.08048000,0.07837000,0.08000000,313236671.00000000
1682575200000,0.08001000,0.08006000,0.07866000,0.07959000,243374126.00000000
1682596800000,0.07959000,0.08066000,0.07883000,0.08035000,260873827.00000000
1682618400000,0.08035000,0.08100000,0.07960000,0.08014000,212582713.00000000
1682640000000,0.08013000,0.08059000,0.07984000,0.08037000,89102832.00000000
1682661600000,0.08037000,0.08074000,0.07973000,0.07994000,119754862.00000000
1682683200000,0.07993000,0.08038000,0.07892000,0.08014000,180848868.00000000
1682704800000,0.08014000,0.08049000,0.07990000,0.08033000,100604296.00000000
1682726400000,0.08033000,0.08120000,0.08019000,0.08086000,115017725.00000000
1682748000000,0.08086000,0.08112000,0.08050000,0.08111000,115032947.00000000
1682769600000,0.08112000,0.08191000,0.08049000,0.08110000,170224458.00000000
1682791200000,0.08111000,0.08197000,0.08107000,0.08157000,190419308.00000000
1682812800000,0.08157000,0.08158000,0.08069000,0.08156000,98004523.00000000
1682834400000,0.08156000,0.08160000,0.08073000,0.08088000,120547319.00000000
1682856000000,0.08087000,0.08174000,0.08069000,0.08094000,158623050.00000000
1682877600000,0.08095000,0.08111000,0.07923000,0.07951000,208246344.00000000
1682899200000,0.07950000,0.08003000,0.07766000,0.07889000,261559818.00000000
1682920800000,0.07888000,0.07929000,0.07866000,0.07883000,73786768.00000000
1682942400000,0.07884000,0.07907000,0.07790000,0.07850000,167843582.00000000
1682964000000,0.07851000,0.07892000,0.07733000,0.07882000,184325620.00000000
1682985600000,0.07882000,0.07905000,0.07818000,0.07848000,84219279.00000000
1683007200000,0.07848000,0.07885000,0.07808000,0.07832000,88099201.00000000
1683028800000,0.07833000,0.07899000,0.07754000,0.07871000,163543090.00000000
1683050400000,0.07872000,0.07910000,0.07853000,0.07876000,93432694.00000000
1683072000000,0.07876000,0.07878000,0.07806000,0.07825000,96186559.00000000
1683093600000,0.07825000,0.07860000,0.07766000,0.07772000,99372869.00000000
1683115200000,0.07771000,0.07828000,0.07711000,0.07791000,178320506.00000000
1683136800000,0.07791000,0.08072000,0.07766000,0.07962000,292967385.00000000
1683158400000,0.07961000,0.07970000,0.07915000,0.07944000,95312982.00000000
1683180000000,0.07944000,0.07956000,0.07892000,0.07896000,94434231.00000000
1683201600000,0.07895000,0.07913000,0.07794000,0.07826000,172501352.00000000
1683223200000,0.07826000,0.07962000,0.07811000,0.07838000,159377568.00000000
1683244800000,0.07837000,0.07923000,0.07813000,0.07865000,98021710.00000000
1683266400000,0.07865000,0.07890000,0.07846000,0.07861000,70036472.00000000
1683288000000,0.07861000,0.07949000,0.07705000,0.07924000,299808008.00000000
1683309600000,0.07923000,0.08147000,0.07885000,0.08017000,283694401.00000000
1683331200000,0.08017000,0.08049000,0.07878000,0.07891000,141180667.00000000
1683352800000,0.07891000,0.07916000,0.07762000,0.07809000,222721801.00000000
1683374400000,0.07810000,0.07810000,0.07566000,0.07688000,373076015.00000000
1683396000000,0.07688000,0.07752000,0.07650000,0.07672000,129183434.00000000
1683417600000,0.07672000,0.07718000,0.07646000,0.07685000,117280319.00000000
1683439200000,0.07685000,0.07712000,0.07675000,0.07687000,74124507.00000000
1683460800000,0.07688000,0.07756000,0.07670000,0.07709000,140724716.00000000
1683482400000,0.07709000,0.07749000,0.07617000,0.07652000,108156711.00000000
1683504000000,0.07652000,0.07711000,0.07332000,0.07501000,259122637.00000000
1683525600000,0.07501000,0.07511000,0.07378000,0.07499000,156256076.00000000
1683547200000,0.07499000,0.07510000,0.07130000,0.07134000,241727744.00000000
1683568800000,0.07133000,0.07244000,0.06982000,0.07239000,429733597.00000000
1683590400000,0.07239000,0.07289000,0.07206000,0.07278000,142588828.00000000
1683612000000,0.07277000,0.07302000,0.07208000,0.07297000,144361582.00000000
1683633600000,0.07297000,0.07333000,0.07230000,0.07278000,211630441.00000000
1683655200000,0.07278000,0.07317000,0.07249000,0.07310000,82755649.00000000
1683676800000,0.07310000,0.07353000,0.07298000,0.07315000,74957963.00000000
1683698400000,0.07315000,0.07328000,0.07248000,0.07289000,106162346.00000000
1683720000000,0.07288000,0.07470000,0.07033000,0.07206000,434248011.00000000
1683741600000,0.07205000,0.07389000,0.07168000,0.07312000,214789122.00000000
1683763200000,0.07312000,0.07317000,0.07226000,0.07278000,77676769.00000000
1683784800000,0.07279000,0.07281000,0.07129000,0.07190000,116174277.00000000
1683806400000,0.07189000,0.07246000,0.06908000,0.06996000,356952437.00000000
1683828000000,0.06995000,0.07295000,0.06922000,0.07193000,235767798.00000000
1683849600000,0.07193000,0.07203000,0.07015000,0.07058000,184221942.00000000
1683871200000,0.07057000,0.07275000,0.06933000,0.07171000,338425571.00000000
1683892800000,0.07171000,0.07210000,0.07086000,0.07129000,175675642.00000000
1683914400000,0.07128000,0.07263000,0.06969000,0.07235000,279070634.00000000
1683936000000,0.07235000,0.07240000,0.07171000,0.07180000,97077296.00000000
1683957600000,0.07179000,0.07220000,0.07177000,0.07188000,77722746.00000000
1683979200000,0.07188000,0.07204000,0.07130000,0.07180000,95023232.00000000
1684000800000,0.07181000,0.07222000,0.07144000,0.07167000,61566859.00000000
1684022400000,0.07168000,0.07212000,0.07111000,0.07193000,55005091.00000000
1684044000000,0.07192000,0.07225000,0.07188000,0.07193000,50027095.00000000
1684065600000,0.07194000,0.07265000,0.07183000,0.07196000,76475186.00000000
1684087200000,0.07196000,0.07207000,0.07131000,0.07196000,58399959.00000000
1684108800000,0.07195000,0.07368000,0.07084000,0.07296000,213745334.00000000
1684130400000,0.07295000,0.07330000,0.07243000,0.07247000,105498155.00000000
1684152000000,0.07248000,0.07287000,0.07207000,0.07264000,116082897.00000000
1684173600000,0.07264000,0.07272000,0.07174000,0.07191000,66111163.00000000
1684195200000,0.07190000,0.07227000,0.07087000,0.07175000,106728735.00000000
1684216800000,0.07175000,0.07236000,0.07158000,0.07200000,75780153.00000000
1684238400000,0.07199000,0.07238000,0.07150000,0.07226000,94726202.00000000
1684260000000,0.07225000,0.07325000,0.07177000,0.07275000,79609315.00000000
1684281600000,0.07276000,0.07357000,0.07239000,0.07266000,111069469.00000000
1684303200000,0.07265000,0.07455000,0.07228000,0.07266000,223064220.00000000
1684324800000,0.07265000,0.07474000,0.07258000,0.07435000,256217185.00000000
1684346400000,0.07435000,0.07547000,0.07430000,0.07483000,172990508.00000000
1684368000000,0.07484000,0.07492000,0.07404000,0.07420000,123983230.00000000
1684389600000,0.07421000,0.07467000,0.07363000,0.07455000,146038257.00000000
1684411200000,0.07454000,0.07460000,0.07212000,0.07261000,249207306.00000000
1684432800000,0.07260000,0.07492000,0.07161000,0.07344000,273186878.00000000
1684454400000,0.07344000,0.07398000,0.07300000,0.07370000,86479018.00000000
1684476000000,0.07369000,0.07385000,0.07330000,0.07337000,79518714.00000000
1684497600000,0.07338000,0.07406000,0.07311000,0.07379000,109064474.00000000
1684519200000,0.07378000,0.07383000,0.07326000,0.07350000,60930387.00000000
1684540800000,0.07351000,0.07354000,0.07306000,0.07331000,41334646.00000000
1684562400000,0.07330000,0.07348000,0.07316000,0.07322000,32875315.00000000
1684584000000,0.07322000,0.07389000,0.07314000,0.07383000,64524175.00000000
1684605600000,0.07383000,0.07387000,0.07312000,0.07361000,64349221.00000000
1684627200000,0.07362000,0.07400000,0.07362000,0.07381000,47346733.00000000
1684648800000,0.07381000,0.07384000,0.07306000,0.07318000,48987308.00000000
1684670400000,0.07318000,0.07340000,0.07200000,0.07225000,132959438.00000000
1684692000000,0.07225000,0.07238000,0.07198000,0.07212000,84331009.00000000
1684713600000,0.07212000,0.07240000,0.07071000,0.07154000,114495588.00000000
1684735200000,0.07154000,0.07402000,0.07153000,0.07320000,184646111.00000000
1684756800000,0.07321000,0.07337000,0.07246000,0.07298000,113555218.00000000
1684778400000,0.07298000,0.07323000,0.07280000,0.07291000,48816272.00000000
1684800000000,0.07292000,0.07396000,0.07273000,0.07342000,86468637.00000000
1684821600000,0.07343000,0.07357000,0.07292000,0.07311000,81968950.00000000
1684843200000,0.07310000,0.07311000,0.07255000,0.07277000,104478122.00000000
1684864800000,0.07278000,0.07289000,0.07241000,0.07289000,62049818.00000000
1684886400000,0.07288000,0.07289000,0.07109000,0.07131000,176419213.00000000
1684908000000,0.07131000,0.07138000,0.07087000,0.07100000,138068498.00000000
1684929600000,0.07100000,0.07125000,0.06931000,0.07059000,250089677.00000000
1684951200000,0.07059000,0.07115000,0.07032000,0.07064000,65582398.00000000
1684972800000,0.07065000,0.07080000,0.06856000,0.07055000,186118204.00000000
1684994400000,0.07056000,0.07077000,0.07019000,0.07055000,86329762.00000000
1685016000000,0.07054000,0.07116000,0.06989000,0.07025000,126463526.00000000
1685037600000,0.07026000,0.07113000,0.07022000,0.07088000,87151199.00000000
1685059200000,0.07087000,0.07105000,0.07042000,0.07049000,75479977.00000000
1685080800000,0.07049000,0.07095000,0.07037000,0.07086000,62840112.00000000
1685102400000,0.07087000,0.07137000,0.07030000,0.07058000,199432493.00000000
1685124000000,0.07058000,0.07119000,0.07041000,0.07097000,70440250.00000000
1685145600000,0.07097000,0.07188000,0.07082000,0.07137000,68845879.00000000
1685167200000,0.07138000,0.07156000,0.07126000,0.07130000,46198339.00000000
1685188800000,0.07131000,0.07153000,0.07070000,0.07136000,68569870.00000000
1685210400000,0.07137000,0.07344000,0.07130000,0.07255000,185482489.00000000
1685232000000,0.07255000,0.07333000,0.07238000,0.07270000,110052224.00000000
1685253600000,0.07270000,0.07281000,0.07186000,0.07247000,126153877.00000000
1685275200000,0.07247000,0.07285000,0.07211000,0.07278000,72272287.00000000
1685296800000,0.07277000,0.07396000,0.07267000,0.07352000,126463998.00000000
1685318400000,0.07353000,0.07400000,0.07288000,0.07331000,110555496.00000000
1685340000000,0.07332000,0.07339000,0.07291000,0.07328000,59574717.00000000
1685361600000,0.07327000,0.07352000,0.07261000,0.07327000,93775267.00000000
1685383200000,0.07327000,0.07337000,0.07280000,0.07313000,46382287.00000000
1685404800000,0.07313000,0.07335000,0.07198000,0.07255000,124644515.00000000
1685426400000,0.07256000,0.07346000,0.07237000,0.07327000,123563433.00000000
1685448000000,0.07328000,0.07330000,0.07211000,0.07241000,145305995.00000000
1685469600000,0.07240000,0.07260000,0.07218000,0.07231000,71878893.00000000
1685491200000,0.07231000,0.07268000,0.07111000,0.07146000,164915568.00000000
1685512800000,0.07145000,0.07178000,0.07122000,0.07133000,77990743.00000000
1685534400000,0.07132000,0.07155000,0.07051000,0.07152000,92698568.00000000
1685556000000,0.07151000,0.07171000,0.07121000,0.07165000,41595913.00000000
1685577600000,0.07165000,0.07198000,0.07071000,0.07178000,108055152.00000000
1685599200000,0.07177000,0.07187000,0.07135000,0.07183000,57190558.00000000
1685620800000,0.07182000,0.07209000,0.07141000,0.07197000,103704240.00000000
1685642400000,0.07196000,0.07219000,0.07126000,0.07142000,68472552.00000000
1685664000000,0.07143000,0.07224000,0.07090000,0.07209000,93833390.00000000
1685685600000,0.07210000,0.07232000,0.07197000,0.07213000,54808301.00000000
1685707200000,0.07213000,0.07224000,0.07155000,0.07217000,111944590.00000000
1685728800000,0.07216000,0.07331000,0.07208000,0.07256000,125806431.00000000
1685750400000,0.07257000,0.07269000,0.07217000,0.07246000,47038782.00000000
1685772000000,0.07248000,0.07260000,0.07235000,0.07252000,42042522.00000000
1685793600000,0.07253000,0.07298000,0.07248000,0.07260000,69826435.00000000
1685815200000,0.07260000,0.07274000,0.07219000,0.07270000,55015075.00000000
1685836800000,0.07271000,0.07291000,0.07242000,0.07264000,58656438.00000000
1685858400000,0.07264000,0.07309000,0.07258000,0.07287000,55505346.00000000
1685880000000,0.07287000,0.07300000,0.07260000,0.07265000,63500195.00000000
1685901600000,0.07265000,0.07334000,0.07232000,0.07249000,95622721.00000000
1685923200000,0.07249000,0.07269000,0.07131000,0.07170000,135401798.00000000
1685944800000,0.07171000,0.07187000,0.07154000,0.07181000,58192378.00000000
1685966400000,0.07181000,0.07182000,0.06311000,0.06646000,808762751.00000000
1685988000000,0.06646000,0.06689000,0.06520000,0.06640000,390933677.00000000
1686009600000,0.06640000,0.06679000,0.06611000,0.06659000,155686395.00000000
1686031200000,0.06659000,0.06689000,0.06637000,0.06677000,160582745.00000000
1686052800000,0.06676000,0.06993000,0.06585000,0.06979000,441664602.00000000
1686074400000,0.06979000,0.07199000,0.06975000,0.07025000,412331861.00000000
1686096000000,0.07025000,0.07032000,0.06923000,0.06985000,113745442.00000000
1686117600000,0.06985000,0.06995000,0.06754000,0.06824000,204251346.00000000
1686139200000,0.06824000,0.06827000,0.06672000,0.06776000,271821349.00000000
1686160800000,0.06775000,0.06784000,0.06668000,0.06728000,98015682.00000000
1686182400000,0.06728000,0.06814000,0.06698000,0.06764000,87611019.00000000
1686204000000,0.06764000,0.06811000,0.06717000,0.06799000,99983324.00000000
1686225600000,0.06800000,0.06850000,0.06737000,0.06774000,128422679.00000000
1686247200000,0.06774000,0.06816000,0.06768000,0.06796000,50917397.00000000
1686268800000,0.06796000,0.06811000,0.06729000,0.06780000,71377888.00000000
1686290400000,0.06780000,0.06811000,0.06755000,0.06797000,68452798.00000000
1686312000000,0.06797000,0.07119000,0.06796000,0.06885000,409064657.00000000
1686333600000,0.06886000,0.06970000,0.06825000,0.06947000,115633390.00000000
1686355200000,0.06947000,0.07196000,0.05300000,0.06052000,1423088825.00000000
1686376800000,0.06052000,0.06079000,0.05881000,0.05992000,669102682.00000000
1686398400000,0.05992000,0.06253000,0.05866000,0.06217000,490730853.00000000
1686420000000,0.06217000,0.06233000,0.06008000,0.06175000,198788743.00000000
1686441600000,0.06175000,0.06289000,0.06109000,0.06200000,213363274.00000000
1686463200000,0.06201000,0.06232000,0.06151000,0.06202000,125473085.00000000
1686484800000,0.06203000,0.06233000,0.06116000,0.06203000,132733517.00000000
1686506400000,0.06204000,0.06256000,0.06092000,0.06151000,108892442.00000000
1686528000000,0.06152000,0.06157000,0.05975000,0.06060000,147500172.00000000
1686549600000,0.06060000,0.06170000,0.06040000,0.06130000,139155689.00000000
1686571200000,0.06129000,0.06164000,0.06051000,0.06131000,125425482.00000000
1686592800000,0.06130000,0.06165000,0.06104000,0.06143000,73169680.00000000
1686614400000,0.06144000,0.06218000,0.06118000,0.06191000,100322860.00000000
1686636000000,0.06190000,0.06228000,0.06168000,0.06205000,84293862.00000000
1686657600000,0.06205000,0.06284000,0.06006000,0.06113000,215134708.00000000
1686679200000,0.06113000,0.06175000,0.06110000,0.06175000,69808695.00000000
1686700800000,0.06174000,0.06219000,0.06161000,0.06165000,58553872.00000000
1686722400000,0.06166000,0.06206000,0.06161000,0.06197000,53882317.00000000
1686744000000,0.06197000,0.06210000,0.06164000,0.06196000,83948249.00000000
1686765600000,0.06196000,0.06209000,0.05811000,0.06038000,446315966.00000000
1686787200000,0.06038000,0.06040000,0.05977000,0.06012000,78205621.00000000
1686808800000,0.06013000,0.06174000,0.05975000,0.06109000,211876511.00000000
1686830400000,0.06109000,0.06173000,0.06046000,0.06107000,155004090.00000000
1686852000000,0.06108000,0.06200000,0.06093000,0.06153000,89323390.00000000
1686873600000,0.06154000,0.06214000,0.06114000,0.06192000,82416259.00000000
1686895200000,0.06191000,0.06200000,0.06091000,0.06139000,110221496.00000000
1686916800000,0.06139000,0.06212000,0.06069000,0.06208000,182990591.00000000
1686938400000,0.06208000,0.06282000,0.06172000,0.06219000,125553078.00000000
1686960000000,0.06219000,0.06297000,0.06166000,0.06284000,129249877.00000000
1686981600000,0.06284000,0.06290000,0.06227000,0.06245000,100160302.00000000
1687003200000,0.06244000,0.06254000,0.06186000,0.06210000,90746880.00000000
1687024800000,0.06209000,0.06240000,0.06204000,0.06220000,38358617.00000000
1687046400000,0.06220000,0.06224000,0.06120000,0.06183000,100498313.00000000
1687068000000,0.06184000,0.06265000,0.06153000,0.06219000,105730411.00000000
1687089600000,0.06218000,0.06399000,0.06193000,0.06300000,228284568.00000000
1687111200000,0.06301000,0.06307000,0.06107000,0.06212000,181635228.00000000
1687132800000,0.06212000,0.06216000,0.06165000,0.06213000,51715061.00000000
1687154400000,0.06212000,0.06218000,0.06175000,0.06196000,54778529.00000000
1687176000000,0.06197000,0.06224000,0.06151000,0.06223000,104199790.00000000
1687197600000,0.06224000,0.06285000,0.06164000,0.06245000,103006093.00000000
1687219200000,0.06244000,0.06282000,0.06208000,0.06214000,61184616.00000000
1687240800000,0.06214000,0.06219000,0.06176000,0.06203000,57846629.00000000
1687262400000,0.06202000,0.06239000,0.06074000,0.06210000,158692301.00000000
1687284000000,0.06210000,0.06314000,0.06210000,0.06313000,160697060.00000000
1687305600000,0.06314000,0.06445000,0.06284000,0.06442000,191078776.00000000
1687327200000,0.06442000,0.06490000,0.06378000,0.06413000,181914395.00000000
1687348800000,0.06414000,0.06624000,0.06356000,0.06557000,375703508.00000000
1687370400000,0.06556000,0.06677000,0.06502000,0.06561000,199785309.00000000
1687392000000,0.06562000,0.06938000,0.06557000,0.06796000,332309066.00000000
1687413600000,0.06796000,0.06856000,0.06502000,0.06582000,306539808.00000000
1687435200000,0.06582000,0.06706000,0.06515000,0.06659000,232799930.00000000
1687456800000,0.06659000,0.06662000,0.06542000,0.06555000,126574066.00000000
1687478400000,0.06556000,0.06663000,0.06555000,0.06662000,75297449.00000000
1687500000000,0.06663000,0.06677000,0.06585000,0.06625000,105753070.00000000
1687521600000,0.06625000,0.07013000,0.06525000,0.06927000,402862936.00000000
1687543200000,0.06927000,0.06990000,0.06754000,0.06823000,196413625.00000000
1687564800000,0.06823000,0.06843000,0.06684000,0.06830000,233040861.00000000
1687586400000,0.06830000,0.06832000,0.06734000,0.06787000,115274332.00000000
1687608000000,0.06787000,0.06813000,0.06505000,0.06644000,228653488.00000000
1687629600000,0.06643000,0.06683000,0.06600000,0.06669000,61970500.00000000
1687651200000,0.06669000,0.06800000,0.06641000,0.06766000,101469264.00000000
1687672800000,0.06766000,0.06799000,0.06722000,0.06774000,88967081.00000000
1687694400000,0.06773000,0.06786000,0.06635000,0.06691000,115010128.00000000
1687716000000,0.06690000,0.06723000,0.06645000,0.06672000,73333374.00000000
1687737600000,0.06672000,0.06681000,0.06521000,0.06572000,180315280.00000000
1687759200000,0.06573000,0.06641000,0.06546000,0.06593000,117922725.00000000
1687780800000,0.06594000,0.06665000,0.06408000,0.06459000,256216952.00000000
1687802400000,0.06460000,0.06510000,0.06319000,0.06474000,155920052.00000000
1687824000000,0.06474000,0.06565000,0.06441000,0.06504000,108695863.00000000
1687845600000,0.06504000,0.06577000,0.06471000,0.06546000,149156565.00000000
1687867200000,0.06545000,0.06579000,0.06433000,0.06555000,157270805.00000000
1687888800000,0.06555000,0.06571000,0.06533000,0.06556000,61974644.00000000
1687910400000,0.06557000,0.06562000,0.06453000,0.06513000,87864128.00000000
1687932000000,0.06513000,0.06596000,0.06365000,0.06440000,186319179.00000000
1687953600000,0.06442000,0.06464000,0.06341000,0.06360000,124072494.00000000
1687975200000,0.06361000,0.06380000,0.06013000,0.06257000,301769789.00000000
1687996800000,0.06257000,0.06307000,0.06241000,0.06271000,114480742.00000000
1688018400000,0.06271000,0.06397000,0.06257000,0.06392000,115346979.00000000
1688040000000,0.06392000,0.06410000,0.06290000,0.06304000,150827829.00000000
1688061600000,0.06305000,0.06363000,0.06277000,0.06342000,69720839.00000000
1688083200000,0.06342000,0.06593000,0.06286000,0.06482000,224574613.00000000
1688104800000,0.06482000,0.06698000,0.06470000,0.06630000,240384909.00000000
1688126400000,0.06631000,0.06676000,0.06101000,0.06601000,480273269.00000000
1688148000000,0.06601000,0.06685000,0.06517000,0.06646000,168994118.00000000
1688169600000,0.06646000,0.07280000,0.06641000,0.06830000,918681755.00000000
1688191200000,0.06830000,0.06857000,0.06702000,0.06767000,201005098.00000000
1688212800000,0.06767000,0.06884000,0.06753000,0.06818000,247204737.00000000
1688234400000,0.06817000,0.06878000,0.06792000,0.06851000,113986797.00000000
1688256000000,0.06851000,0.06857000,0.06652000,0.06710000,291212432.00000000
1688277600000,0.06710000,0.06750000,0.06695000,0.06733000,132060202.00000000
1688299200000,0.06734000,0.06920000,0.06600000,0.06847000,321758556.00000000
1688320800000,0.06847000,0.06908000,0.06762000,0.06801000,200194596.00000000
1688342400000,0.06801000,0.06866000,0.06746000,0.06810000,133198827.00000000
1688364000000,0.06811000,0.06835000,0.06757000,0.06795000,143587065.00000000
1688385600000,0.06793000,0.06851000,0.06721000,0.06822000,176184439.00000000
1688407200000,0.06822000,0.06878000,0.06775000,0.06845000,113660588.00000000
1688428800000,0.06845000,0.06978000,0.06774000,0.06843000,210512821.00000000
1688450400000,0.06842000,0.06873000,0.06764000,0.06838000,127558634.00000000
1688472000000,0.06839000,0.07186000,0.06824000,0.06998000,552996836.00000000
1688493600000,0.06998000,0.07002000,0.06798000,0.06890000,160809902.00000000
1688515200000,0.06891000,0.06936000,0.06841000,0.06897000,101924408.00000000
1688536800000,0.06897000,0.06897000,0.06600000,0.06648000,206802302.00000000
1688558400000,0.06648000,0.06715000,0.06558000,0.06677000,218984432.00000000
1688580000000,0.06678000,0.06718000,0.06660000,0.06701000,64652101.00000000
1688601600000,0.06697000,0.06753000,0.06600000,0.06751000,117748334.00000000
1688623200000,0.06752000,0.06858000,0.06644000,0.06695000,197724542.00000000
1688644800000,0.06695000,0.06707000,0.06466000,0.06594000,212253978.00000000
1688666400000,0.06595000,0.06639000,0.06474000,0.06485000,92588442.00000000
1688688000000,0.06484000,0.06571000,0.06410000,0.06547000,106635409.00000000
1688709600000,0.06547000,0.06568000,0.06499000,0.06522000,91785572.00000000
1688731200000,0.06521000,0.06587000,0.06486000,0.06556000,138420273.00000000
1688752800000,0.06556000,0.06561000,0.06487000,0.06540000,73183011.00000000
1688774400000,0.06540000,0.06563000,0.06474000,0.06516000,77883141.00000000
1688796000000,0.06515000,0.06562000,0.06492000,0.06535000,56077282.00000000
1688817600000,0.06535000,0.06562000,0.06514000,0.06533000,45910719.00000000
1688839200000,0.06533000,0.06608000,0.06493000,0.06573000,98803646.00000000
1688860800000,0.06573000,0.06636000,0.06562000,0.06602000,90401979.00000000
1688882400000,0.06604000,0.06604000,0.06546000,0.06595000,58218267.00000000
1688904000000,0.06595000,0.06617000,0.06510000,0.06574000,81700035.00000000
1688925600000,0.06575000,0.06576000,0.06513000,0.06536000,48760208.00000000
1688947200000,0.06537000,0.06542000,0.06326000,0.06437000,183451333.00000000
1688968800000,0.06437000,0.06487000,0.06385000,0.06471000,112590255.00000000
1688990400000,0.06470000,0.06498000,0.06447000,0.06464000,91909127.00000000
1689012000000,0.06463000,0.06656000,0.06459000,0.06523000,228412652.00000000
1689033600000,0.06523000,0.06541000,0.06454000,0.06523000,76115878.00000000
1689055200000,0.06523000,0.06551000,0.06474000,0.06490000,75483211.00000000
1689076800000,0.06490000,0.06513000,0.06447000,0.06474000,95838788.00000000
1689098400000,0.06473000,0.06534000,0.06437000,0.06528000,65576505.00000000
1689120000000,0.06529000,0.06554000,0.06512000,0.06540000,41569279.00000000
1689141600000,0.06540000,0.06558000,0.06520000,0.06538000,45188842.00000000
1689163200000,0.06537000,0.06570000,0.06451000,0.06487000,116440476.00000000
1689184800000,0.06487000,0.06545000,0.06365000,0.06503000,109205530.00000000
1689206400000,0.06504000,0.06515000,0.06455000,0.06482000,56287252.00000000
1689228000000,0.06481000,0.06547000,0.06476000,0.06537000,87735152.00000000
1689249600000,0.06537000,0.07060000,0.06506000,0.06955000,694770257.00000000
1689271200000,0.06954000,0.07168000,0.06865000,0.07042000,733561137.00000000
1689292800000,0.07042000,0.07227000,0.07027000,0.07092000,368731080.00000000
1689314400000,0.07092000,0.07116000,0.06943000,0.07016000,217190234.00000000
1689336000000,0.07016000,0.07311000,0.06946000,0.06968000,526048719.00000000
1689357600000,0.06968000,0.07014000,0.06612000,0.06849000,389960467.00000000
1689379200000,0.06848000,0.06944000,0.06769000,0.06913000,232228918.00000000
1689400800000,0.06913000,0.07522000,0.06912000,0.07398000,1249240414.00000000
1689422400000,0.07398000,0.07420000,0.07153000,0.07231000,633525738.00000000
1689444000000,0.07231000,0.07319000,0.07112000,0.07197000,218417708.00000000
1689465600000,0.07196000,0.07221000,0.06932000,0.07075000,318100708.00000000
1689487200000,0.07075000,0.07139000,0.07033000,0.07117000,191786736.00000000
1689508800000,0.07117000,0.07168000,0.07075000,0.07097000,201725771.00000000
1689530400000,0.07098000,0.07110000,0.06891000,0.06952000,219053680.00000000
1689552000000,0.06951000,0.07325000,0.06906000,0.07190000,295132869.00000000
1689573600000,0.07188000,0.07188000,0.06752000,0.06938000,416274547.00000000
1689595200000,0.06937000,0.07028000,0.06780000,0.06859000,255080764.00000000
1689616800000,0.06858000,0.07005000,0.06785000,0.06982000,136594973.00000000
1689638400000,0.06982000,0.07032000,0.06946000,0.06969000,92303336.00000000
1689660000000,0.06969000,0.06982000,0.06764000,0.06801000,207516285.00000000
1689681600000,0.06800000,0.06876000,0.06703000,0.06816000,198540758.00000000
1689703200000,0.06816000,0.06867000,0.06767000,0.06866000,90540046.00000000
1689724800000,0.06867000,0.06983000,0.06844000,0.06967000,100256860.00000000
1689746400000,0.06965000,0.06971000,0.06823000,0.06924000,142895085.00000000
1689768000000,0.06925000,0.07235000,0.06835000,0.06979000,469694603.00000000
1689789600000,0.06979000,0.07107000,0.06956000,0.07003000,228232485.00000000
1689811200000,0.07004000,0.07101000,0.06971000,0.07086000,136539510.00000000
1689832800000,0.07084000,0.07390000,0.07023000,0.07231000,719923069.00000000
1689854400000,0.07231000,0.07289000,0.06984000,0.07028000,399460068.00000000
1689876000000,0.07029000,0.07064000,0.06926000,0.07062000,138625441.00000000
1689897600000,0.07061000,0.07284000,0.07026000,0.07247000,289047102.00000000
1689919200000,0.07244000,0.07259000,0.07106000,0.07208000,278139728.00000000
1689940800000,0.07207000,0.07688000,0.07207000,0.07353000,905074117.00000000
1689962400000,0.07352000,0.07385000,0.07222000,0.07322000,242062105.00000000
1689984000000,0.07322000,0.07330000,0.07184000,0.07224000,199500933.00000000
1690005600000,0.07224000,0.07292000,0.07017000,0.07159000,318098303.00000000
1690027200000,0.07160000,0.07186000,0.07104000,0.07123000,130769112.00000000
1690048800000,0.07123000,0.07142000,0.06963000,0.07047000,168828112.00000000
1690070400000,0.07047000,0.07226000,0.06997000,0.07180000,156227661.00000000
1690092000000,0.07179000,0.07277000,0.07142000,0.07188000,186892027.00000000
1690113600000,0.07187000,0.07281000,0.07174000,0.07274000,147232574.00000000
1690135200000,0.07274000,0.07295000,0.07107000,0.07180000,145808004.00000000
1690156800000,0.07179000,0.07201000,0.07018000,0.07129000,163254697.00000000
1690178400000,0.07129000,0.07790000,0.07122000,0.07615000,1816159812.00000000
1690200000000,0.07614000,0.07783000,0.07322000,0.07430000,1413874493.00000000
1690221600000,0.07431000,0.07538000,0.07367000,0.07420000,341506176.00000000
1690243200000,0.07420000,0.07846000,0.07361000,0.07741000,872705172.00000000
1690264800000,0.07740000,0.07846000,0.07564000,0.07770000,748234155.00000000
1690286400000,0.07769000,0.08266000,0.07630000,0.08152000,1397391241.00000000
1690308000000,0.08152000,0.08380000,0.08065000,0.08185000,955772678.00000000
1690329600000,0.08185000,0.08229000,0.07915000,0.08028000,584891945.00000000
1690351200000,0.08029000,0.08132000,0.07817000,0.07882000,579508330.00000000
1690372800000,0.07882000,0.07952000,0.07708000,0.07771000,552592157.00000000
1690394400000,0.07771000,0.07989000,0.07647000,0.07793000,704424269.00000000
1690416000000,0.07794000,0.07900000,0.07667000,0.07857000,307553646.00000000
1690437600000,0.07858000,0.07988000,0.07818000,0.07959000,378749331.00000000
1690459200000,0.07959000,0.07996000,0.07803000,0.07815000,405587486.00000000
1690480800000,0.07816000,0.07816000,0.07666000,0.07761000,298766957.00000000
1690502400000,0.07761000,0.07791000,0.07586000,0.07638000,231852685.00000000
1690524000000,0.07639000,0.07689000,0.07608000,0.07653000,199408235.00000000
1690545600000,0.07653000,0.07779000,0.07648000,0.07693000,283787820.00000000
1690567200000,0.07693000,0.07779000,0.07673000,0.07717000,130415918.00000000
1690588800000,0.07717000,0.07849000,0.07683000,0.07796000,194173084.00000000
1690610400000,0.07796000,0.07813000,0.07720000,0.07784000,161729738.00000000
1690632000000,0.07784000,0.07890000,0.07757000,0.07871000,199874250.00000000
1690653600000,0.07871000,0.08243000,0.07843000,0.08023000,633435413.00000000
1690675200000,0.08024000,0.08057000,0.07965000,0.08046000,184024546.00000000
1690696800000,0.08047000,0.08047000,0.07966000,0.08008000,211045747.00000000
1690718400000,0.08007000,0.08028000,0.07860000,0.07975000,262296179.00000000
1690740000000,0.07975000,0.07983000,0.07622000,0.07802000,401168680.00000000
1690761600000,0.07802000,0.07905000,0.07781000,0.07847000,138866344.00000000
1690783200000,0.07848000,0.07980000,0.07846000,0.07962000,147148516.00000000
1690804800000,0.07962000,0.07973000,0.07765000,0.07844000,266378506.00000000
1690826400000,0.07845000,0.07846000,0.07672000,0.07786000,292840264.00000000
1690848000000,0.07786000,0.07828000,0.07517000,0.07639000,319710966.00000000
1690869600000,0.07638000,0.07723000,0.07628000,0.07669000,162081219.00000000
1690891200000,0.07669000,0.07733000,0.07551000,0.07693000,205897068.00000000
1690912800000,0.07693000,0.07819000,0.07693000,0.07815000,185422715.00000000
1690934400000,0.07815000,0.07833000,0.07708000,0.07710000,123880178.00000000
1690956000000,0.07711000,0.07729000,0.07638000,0.07708000,112466656.00000000
1690977600000,0.07707000,0.07707000,0.07386000,0.07477000,361781168.00000000
1690999200000,0.07476000,0.07513000,0.07369000,0.07422000,206014708.00000000
1691020800000,0.07422000,0.07501000,0.07403000,0.07484000,101812456.00000000
1691042400000,0.07484000,0.07486000,0.07253000,0.07368000,229784957.00000000
1691064000000,0.07368000,0.07498000,0.07321000,0.07419000,221188466.00000000
1691085600000,0.07418000,0.07484000,0.07295000,0.07358000,141002179.00000000
1691107200000,0.07358000,0.07445000,0.07344000,0.07429000,113475873.00000000
1691128800000,0.07428000,0.07472000,0.07383000,0.07402000,116546051.00000000
1691150400000,0.07402000,0.07492000,0.07388000,0.07455000,148429979.00000000
1691172000000,0.07455000,0.07455000,0.07250000,0.07347000,232437779.00000000
1691193600000,0.07346000,0.07556000,0.07292000,0.07556000,238724822.00000000
1691215200000,0.07556000,0.07649000,0.07520000,0.07586000,293662145.00000000
1691236800000,0.07586000,0.07708000,0.07502000,0.07591000,388326738.00000000
1691258400000,0.07590000,0.07638000,0.07556000,0.07571000,142266488.00000000
1691280000000,0.07572000,0.07649000,0.07536000,0.07570000,143812927.00000000
1691301600000,0.07570000,0.07587000,0.07445000,0.07518000,164417158.00000000
1691323200000,0.07519000,0.07533000,0.07407000,0.07501000,169957114.00000000
1691344800000,0.07501000,0.07597000,0.07417000,0.07427000,189037974.00000000
1691366400000,0.07427000,0.07573000,0.07405000,0.07486000,128385202.00000000
1691388000000,0.07485000,0.07497000,0.07428000,0.07453000,121348915.00000000
1691409600000,0.07452000,0.07464000,0.07170000,0.07288000,328865995.00000000
1691431200000,0.07289000,0.07373000,0.07278000,0.07354000,107424053.00000000
1691452800000,0.07354000,0.07411000,0.07321000,0.07391000,93915165.00000000
1691474400000,0.07392000,0.07404000,0.07328000,0.07403000,86537828.00000000
1691496000000,0.07404000,0.07547000,0.07367000,0.07517000,246770866.00000000
1691517600000,0.07517000,0.07548000,0.07453000,0.07496000,146350612.00000000
1691539200000,0.07497000,0.07538000,0.07457000,0.07499000,69549024.00000000
1691560800000,0.07499000,0.07586000,0.07477000,0.07542000,136504907.00000000
1691582400000,0.07543000,0.07622000,0.07461000,0.07494000,190527361.00000000
1691604000000,0.07495000,0.07547000,0.07419000,0.07541000,98255292.00000000
1691625600000,0.07542000,0.07647000,0.07527000,0.07571000,142670363.00000000
1691647200000,0.07571000,0.07589000,0.07514000,0.07516000,121319945.00000000
1691668800000,0.07517000,0.07695000,0.07515000,0.07610000,271024309.00000000
1691690400000,0.07610000,0.07616000,0.07553000,0.07588000,79517793.00000000
1691712000000,0.07587000,0.07611000,0.07531000,0.07574000,65660036.00000000
1691733600000,0.07574000,0.07598000,0.07522000,0.07577000,70775502.00000000
1691755200000,0.07578000,0.07603000,0.07484000,0.07526000,112037606.00000000
1691776800000,0.07525000,0.07582000,0.07520000,0.07574000,55314635.00000000
1691798400000,0.07574000,0.07666000,0.07561000,0.07594000,137474802.00000000
1691820000000,0.07594000,0.07745000,0.07582000,0.07692000,213118814.00000000
1691841600000,0.07692000,0.07714000,0.07642000,0.07680000,129985080.00000000
1691863200000,0.07680000,0.07728000,0.07650000,0.07670000,107481948.00000000
1691884800000,0.07670000,0.07689000,0.07607000,0.07623000,91113276.00000000
1691906400000,0.07623000,0.07650000,0.07591000,0.07602000,78633451.00000000
1691928000000,0.07602000,0.07621000,0.07549000,0.07590000,110777400.00000000
1691949600000,0.07590000,0.07609000,0.07430000,0.07479000,188003892.00000000
1691971200000,0.07479000,0.07528000,0.07387000,0.07524000,126457853.00000000
1691992800000,0.07525000,0.07529000,0.07486000,0.07494000,95183424.00000000
1692014400000,0.07494000,0.07521000,0.07431000,0.07435000,144457100.00000000
1692036000000,0.07435000,0.07711000,0.07365000,0.07469000,413534272.00000000
1692057600000,0.07470000,0.07499000,0.07418000,0.07428000,77716020.00000000
1692079200000,0.07429000,0.07466000,0.07396000,0.07403000,82313483.00000000
1692100800000,0.07402000,0.07421000,0.07331000,0.07368000,169658027.00000000
1692122400000,0.07367000,0.07371000,0.06831000,0.07093000,677101764.00000000
1692144000000,0.07092000,0.07125000,0.07071000,0.07083000,139323849.00000000
1692165600000,0.07083000,0.07098000,0.06983000,0.07010000,172801043.00000000
1692187200000,0.07010000,0.07011000,0.06864000,0.06937000,316128053.00000000
1692208800000,0.06936000,0.06973000,0.06602000,0.06717000,548620458.00000000
1692230400000,0.06718000,0.06843000,0.06584000,0.06829000,204096447.00000000
1692252000000,0.06828000,0.06830000,0.06681000,0.06716000,195167675.00000000
1692273600000,0.06717000,0.06750000,0.06456000,0.06578000,462002263.00000000
1692295200000,0.06577000,0.06624000,0.05560000,0.06102000,1086732158.00000000
1692316800000,0.06102000,0.06182000,0.05988000,0.06175000,405795035.00000000
1692338400000,0.06175000,0.06368000,0.06172000,0.06299000,285776752.00000000
1692360000000,0.06299000,0.06347000,0.06195000,0.06287000,371669462.00000000
1692381600000,0.06288000,0.06385000,0.06269000,0.06326000,221456206.00000000
1692403200000,0.06326000,0.06397000,0.06310000,0.06343000,149862547.00000000
1692424800000,0.06343000,0.06391000,0.06315000,0.06335000,86534626.00000000
1692446400000,0.06336000,0.06450000,0.06322000,0.06389000,124359828.00000000
1692468000000,0.06391000,0.06394000,0.06313000,0.06379000,66517790.00000000
1692489600000,0.06379000,0.06432000,0.06371000,0.06396000,65998173.00000000
1692511200000,0.06395000,0.06473000,0.06384000,0.06422000,87756509.00000000
1692532800000,0.06421000,0.06430000,0.06338000,0.06386000,93787641.00000000
1692554400000,0.06385000,0.06427000,0.06364000,0.06384000,54544048.00000000
1692576000000,0.06384000,0.06411000,0.06327000,0.06366000,88818638.00000000
1692597600000,0.06366000,0.06369000,0.06202000,0.06284000,168002766.00000000
1692619200000,0.06285000,0.06305000,0.06035000,0.06191000,256762686.00000000
1692640800000,0.06191000,0.06296000,0.06188000,0.06252000,63804794.00000000
1692662400000,0.06253000,0.06287000,0.06242000,0.06272000,62671981.00000000
1692684000000,0.06272000,0.06327000,0.06272000,0.06293000,111485671.00000000
1692705600000,0.06292000,0.06327000,0.06077000,0.06119000,243394570.00000000
1692727200000,0.06118000,0.06299000,0.06023000,0.06259000,197534307.00000000
1692748800000,0.06258000,0.06305000,0.06246000,0.06276000,64969440.00000000
1692770400000,0.06276000,0.06546000,0.06276000,0.06336000,271917414.00000000
1692792000000,0.06336000,0.06465000,0.06279000,0.06405000,218589424.00000000
1692813600000,0.06406000,0.06454000,0.06323000,0.06379000,108246548.00000000
1692835200000,0.06379000,0.06404000,0.06361000,0.06382000,55312993.00000000
1692856800000,0.06382000,0.06395000,0.06333000,0.06343000,84422539.00000000
1692878400000,0.06342000,0.06354000,0.06227000,0.06285000,172133583.00000000
1692900000000,0.06286000,0.06321000,0.06183000,0.06308000,74401834.00000000
1692921600000,0.06308000,0.06308000,0.06169000,0.06235000,105273580.00000000
1692943200000,0.06236000,0.06245000,0.06208000,0.06234000,73870032.00000000
1692964800000,0.06234000,0.06290000,0.06178000,0.06239000,158948607.00000000
1692986400000,0.06237000,0.06315000,0.06235000,0.06312000,50344370.00000000
1693008000000,0.06312000,0.06338000,0.06290000,0.06310000,35691287.00000000
1693029600000,0.06311000,0.06337000,0.06281000,0.06292000,43362526.00000000
1693051200000,0.06291000,0.06303000,0.06262000,0.06281000,29085204.00000000
1693072800000,0.06280000,0.06302000,0.06273000,0.06289000,25329989.00000000
1693094400000,0.06289000,0.06320000,0.06269000,0.06310000,20413031.00000000
1693116000000,0.06311000,0.06379000,0.06303000,0.06315000,73786304.00000000
1693137600000,0.06314000,0.06352000,0.06280000,0.06289000,59557459.00000000
1693159200000,0.06288000,0.06323000,0.06275000,0.06318000,42163898.00000000
1693180800000,0.06317000,0.06318000,0.06186000,0.06243000,114566439.00000000
1693202400000,0.06242000,0.06259000,0.06195000,0.06245000,72419336.00000000
1693224000000,0.06246000,0.06357000,0.06244000,0.06324000,90957481.00000000
1693245600000,0.06324000,0.06370000,0.06270000,0.06345000,69191625.00000000
1693267200000,0.06345000,0.06389000,0.06308000,0.06326000,56492209.00000000
1693288800000,0.06326000,0.06330000,0.06240000,0.06261000,98928564.00000000
1693310400000,0.06261000,0.06858000,0.06251000,0.06680000,841615971.00000000
1693332000000,0.06681000,0.06734000,0.06606000,0.06640000,208177304.00000000
1693353600000,0.06640000,0.06647000,0.06515000,0.06575000,175635550.00000000
1693375200000,0.06574000,0.06579000,0.06513000,0.06524000,139912292.00000000
1693396800000,0.06523000,0.06596000,0.06434000,0.06537000,260077186.00000000
1693418400000,0.06536000,0.06591000,0.06516000,0.06588000,77191266.00000000
1693440000000,0.06588000,0.06594000,0.06525000,0.06594000,105483238.00000000
1693461600000,0.06593000,0.06701000,0.06567000,0.06671000,266694303.00000000
1693483200000,0.06671000,0.06676000,0.06281000,0.06407000,395996913.00000000
1693504800000,0.06407000,0.06433000,0.06280000,0.06376000,219080969.00000000
1693526400000,0.06379000,0.06413000,0.06366000,0.06371000,97947720.00000000
1693548000000,0.06371000,0.06403000,0.06335000,0.06399000,120292349.00000000
1693569600000,0.06400000,0.06426000,0.06230000,0.06271000,236291153.00000000
1693591200000,0.06272000,0.06405000,0.06270000,0.06388000,140303099.00000000
1693612800000,0.06386000,0.06403000,0.06354000,0.06366000,58138081.00000000
1693634400000,0.06366000,0.06384000,0.06305000,0.06344000,87415449.00000000
1693656000000,0.06344000,0.06497000,0.06305000,0.06318000,232328536.00000000
1693677600000,0.06318000,0.06358000,0.06260000,0.06348000,67592408.00000000
1693699200000,0.06348000,0.06371000,0.06330000,0.06366000,44195360.00000000
1693720800000,0.06365000,0.06377000,0.06324000,0.06334000,46468577.00000000
1693742400000,0.06334000,0.06355000,0.06276000,0.06308000,74798446.00000000
1693764000000,0.06307000,0.06348000,0.06288000,0.06317000,56374018.00000000
1693785600000,0.06317000,0.06385000,0.06304000,0.06308000,107913742.00000000
1693807200000,0.06308000,0.06340000,0.06305000,0.06316000,96517194.00000000
1693828800000,0.06315000,0.06348000,0.06256000,0.06323000,114692677.00000000
1693850400000,0.06324000,0.06330000,0.06209000,0.06326000,95105982.00000000
1693872000000,0.06326000,0.06397000,0.06288000,0.06379000,165101543.00000000
1693893600000,0.06379000,0.06443000,0.06340000,0.06407000,233810768.00000000
1693915200000,0.06407000,0.06431000,0.06357000,0.06391000,156823107.00000000
1693936800000,0.06392000,0.06413000,0.06365000,0.06402000,57470649.00000000
1693958400000,0.06403000,0.06464000,0.06377000,0.06382000,175726254.00000000
1693980000000,0.06382000,0.06412000,0.06378000,0.06384000,120897803.00000000
1694001600000,0.06384000,0.06413000,0.06248000,0.06372000,265382933.00000000
1694023200000,0.06373000,0.06402000,0.06313000,0.06365000,76460844.00000000
1694044800000,0.06364000,0.06384000,0.06349000,0.06350000,88983805.00000000
1694066400000,0.06349000,0.06357000,0.06284000,0.06293000,152291889.00000000
1694088000000,0.06293000,0.06355000,0.06279000,0.06334000,77163564.00000000
1694109600000,0.06334000,0.06382000,0.06295000,0.06365000,99994284.00000000
1694131200000,0.06366000,0.06402000,0.06346000,0.06354000,75772242.00000000
1694152800000,0.06355000,0.06374000,0.06237000,0.06288000,155188976.00000000
1694174400000,0.06288000,0.06313000,0.06278000,0.06306000,71281698.00000000
1694196000000,0.06306000,0.06381000,0.06286000,0.06371000,62218405.00000000
1694217600000,0.06370000,0.06391000,0.06319000,0.06333000,74723118.00000000
1694239200000,0.06333000,0.06370000,0.06333000,0.06366000,42505357.00000000
1694260800000,0.06367000,0.06371000,0.06327000,0.06350000,54201238.00000000
1694282400000,0.06349000,0.06356000,0.06334000,0.06339000,25223883.00000000
1694304000000,0.06338000,0.06340000,0.05938000,0.06187000,293719312.00000000
1694325600000,0.06188000,0.06234000,0.06171000,0.06175000,82038713.00000000
1694347200000,0.06175000,0.06201000,0.06055000,0.06094000,245483287.00000000
1694368800000,0.06093000,0.06178000,0.06054000,0.06130000,120661694.00000000
1694390400000,0.06130000,0.06151000,0.06063000,0.06150000,135327037.00000000
1694412000000,0.06151000,0.06199000,0.05953000,0.06020000,281592749.00000000
1694433600000,0.06019000,0.06067000,0.05961000,0.06034000,241070096.00000000
1694455200000,0.06033000,0.06062000,0.05919000,0.06049000,157375052.00000000
1694476800000,0.06047000,0.06218000,0.06043000,0.06121000,164079499.00000000
1694498400000,0.06121000,0.06247000,0.06080000,0.06181000,220049894.00000000
1694520000000,0.06182000,0.06221000,0.06079000,0.06098000,153250427.00000000
1694541600000,0.06098000,0.06168000,0.06085000,0.06090000,52805005.00000000
1694563200000,0.06090000,0.06127000,0.06050000,0.06068000,97983969.00000000
1694584800000,0.06067000,0.06181000,0.06055000,0.06129000,164673486.00000000
1694606400000,0.06129000,0.06150000,0.06083000,0.06091000,183692299.00000000
1694628000000,0.06091000,0.06135000,0.06082000,0.06126000,55925005.00000000
1694649600000,0.06125000,0.06195000,0.06111000,0.06111000,126565724.00000000
1694671200000,0.06111000,0.06165000,0.06108000,0.06155000,88578083.00000000
1694692800000,0.06156000,0.06221000,0.06136000,0.06213000,179462535.00000000
1694714400000,0.06214000,0.06255000,0.06195000,0.06208000,80906202.00000000
1694736000000,0.06207000,0.06244000,0.06176000,0.06207000,54387894.00000000
1694757600000,0.06207000,0.06214000,0.06163000,0.06168000,52004861.00000000
1694779200000,0.06168000,0.06212000,0.06138000,0.06185000,85087081.00000000
1694800800000,0.06186000,0.06296000,0.06177000,0.06250000,114067101.00000000
1694822400000,0.06250000,0.06297000,0.06220000,0.06235000,84767630.00000000
1694844000000,0.06235000,0.06250000,0.06201000,0.06234000,67833931.00000000
1694865600000,0.06235000,0.06240000,0.06195000,0.06223000,48733041.00000000
1694887200000,0.06223000,0.06228000,0.06176000,0.06214000,53946169.00000000
1694908800000,0.06213000,0.06233000,0.06124000,0.06228000,86639638.00000000
1694930400000,0.06228000,0.06254000,0.06211000,0.06224000,78285651.00000000
1694952000000,0.06225000,0.06238000,0.06149000,0.06152000,74194125.00000000
1694973600000,0.06151000,0.06178000,0.06097000,0.06147000,144199283.00000000
1694995200000,0.06146000,0.06190000,0.06096000,0.06170000,162014366.00000000
1695016800000,0.06172000,0.06266000,0.06167000,0.06244000,122853211.00000000
1695038400000,0.06244000,0.06281000,0.06152000,0.06167000,134100926.00000000
1695060000000,0.06169000,0.06219000,0.06151000,0.06198000,59011002.00000000
1695081600000,0.06196000,0.06254000,0.06189000,0.06228000,123110559.00000000
1695103200000,0.06228000,0.06300000,0.06216000,0.06257000,111033698.00000000
1695124800000,0.06258000,0.06323000,0.06239000,0.06268000,150000087.00000000
1695146400000,0.06270000,0.06284000,0.06237000,0.06268000,44436892.00000000
1695168000000,0.06269000,0.06303000,0.06219000,0.06227000,72847814.00000000
1695189600000,0.06226000,0.06248000,0.06184000,0.06211000,81359418.00000000
1695211200000,0.06211000,0.06248000,0.06187000,0.06237000,60926725.00000000
1695232800000,0.06237000,0.06285000,0.06144000,0.06262000,135992517.00000000
1695254400000,0.06263000,0.06348000,0.06233000,0.06282000,133586624.00000000
1695276000000,0.06282000,0.06282000,0.06124000,0.06171000,182957164.00000000
1695297600000,0.06171000,0.06179000,0.06103000,0.06154000,97029660.00000000
1695319200000,0.06154000,0.06161000,0.06118000,0.06131000,48160431.00000000
1695340800000,0.06130000,0.06175000,0.06058000,0.06168000,84369022.00000000
1695362400000,0.06169000,0.06187000,0.06148000,0.06164000,47805880.00000000
1695384000000,0.06165000,0.06182000,0.06120000,0.06144000,80067021.00000000
1695405600000,0.06144000,0.06163000,0.06123000,0.06152000,30899781.00000000
1695427200000,0.06153000,0.06177000,0.06140000,0.06160000,28373450.00000000
1695448800000,0.06159000,0.06169000,0.06149000,0.06159000,25538264.00000000
1695470400000,0.06160000,0.06199000,0.06127000,0.06163000,88012647.00000000
1695492000000,0.06163000,0.06171000,0.06128000,0.06152000,29466429.00000000
1695513600000,0.06152000,0.06163000,0.06128000,0.06159000,26984590.00000000
1695535200000,0.06159000,0.06165000,0.06142000,0.06150000,25478382.00000000
1695556800000,0.06151000,0.06173000,0.06142000,0.06166000,32823946.00000000
1695578400000,0.06167000,0.06175000,0.06028000,0.06069000,102381633.00000000
1695600000000,0.06068000,0.06110000,0.06009000,0.06076000,59662049.00000000
1695621600000,0.06077000,0.06095000,0.06042000,0.06060000,48240208.00000000
1695643200000,0.06060000,0.06124000,0.06047000,0.06104000,54301309.00000000
1695664800000,0.06106000,0.06111000,0.06078000,0.06094000,23109644.00000000
1695686400000,0.06095000,0.06114000,0.06083000,0.06096000,27415135.00000000
1695708000000,0.06097000,0.06101000,0.06061000,0.06081000,32989642.00000000
1695729600000,0.06081000,0.06087000,0.06017000,0.06028000,67065128.00000000
1695751200000,0.06028000,0.06105000,0.05933000,0.06062000,120333491.00000000
1695772800000,0.06062000,0.06086000,0.06054000,0.06060000,44629691.00000000
1695794400000,0.06060000,0.06142000,0.06044000,0.06131000,113519633.00000000
1695816000000,0.06131000,0.06136000,0.06029000,0.06053000,116084817.00000000
1695837600000,0.06052000,0.06062000,0.06016000,0.06053000,48155609.00000000
1695859200000,0.06052000,0.06089000,0.06038000,0.06065000,49403753.00000000
1695880800000,0.06065000,0.06128000,0.06058000,0.06095000,71321946.00000000
1695902400000,0.06096000,0.06168000,0.06083000,0.06150000,149852841.00000000
1695924000000,0.06150000,0.06162000,0.06105000,0.06150000,59514382.00000000
1695945600000,0.06151000,0.06185000,0.06131000,0.06184000,65173627.00000000
1695967200000,0.06184000,0.06216000,0.06157000,0.06164000,112110905.00000000
1695988800000,0.06163000,0.06249000,0.06146000,0.06174000,151968455.00000000
1696010400000,0.06173000,0.06236000,0.06163000,0.06213000,58845732.00000000
1696032000000,0.06213000,0.06229000,0.06181000,0.06188000,37316179.00000000
1696053600000,0.06189000,0.06199000,0.06173000,0.06176000,39542182.00000000
1696075200000,0.06177000,0.06264000,0.06176000,0.06225000,157152026.00000000
1696096800000,0.06226000,0.06276000,0.06201000,0.06207000,119982140.00000000
1696118400000,0.06207000,0.06224000,0.06194000,0.06220000,45492394.00000000
1696140000000,0.06220000,0.06286000,0.06212000,0.06274000,98200703.00000000
1696161600000,0.06273000,0.06286000,0.06187000,0.06193000,109133593.00000000
1696183200000,0.06193000,0.06358000,0.06169000,0.06319000,173858385.00000000
1696204800000,0.06320000,0.06369000,0.06289000,0.06312000,136159844.00000000
1696226400000,0.06312000,0.06420000,0.06310000,0.06361000,139694943.00000000
1696248000000,0.06361000,0.06388000,0.06358000,0.06364000,25436114.00000000
